0,train_ticket,IMG_20180517_144413
1,train_ticket,IMG_20180516_133528
2,train_ticket,IMG_20100316_110209
3,train_ticket,IMG_20100309_134509
4,train_ticket,IMG_20100309_140642
5,train_ticket,IMG_20180523_132249
6,train_ticket,IMG_20180518_171758
7,train_ticket,IMG_20180516_152424
8,train_ticket,IMG_20180517_170254
9,train_ticket,IMG_20180515_152326
10,train_ticket,IMG_20100310_174024
11,train_ticket,IMG_20180514_110418
12,train_ticket,IMG_20180516_155244
13,train_ticket,IMG_20100304_133126
14,train_ticket,IMG_20100310_144248
15,train_ticket,IMG_20170701_123622
16,train_ticket,IMG_20180515_131702
17,train_ticket,IMG_20180517_170202
18,train_ticket,IMG_20180515_112347
19,train_ticket,IMG_20100304_135152
20,train_ticket,IMG_3898
21,train_ticket,IMG_20180522_143145
22,train_ticket,IMG_20180523_172942
23,train_ticket,IMG_20180523_140816
24,train_ticket,IMG_20100312_153748
25,train_ticket,IMG_20180514_153209
26,train_ticket,IMG_20180523_110648
27,train_ticket,IMG_20180511_161405
28,train_ticket,IMG_20100316_110119
29,train_ticket,IMG_20100309_154318
30,train_ticket,IMG_20180516_154053
31,train_ticket,IMG_20180515_142825
32,train_ticket,IMG_20100316_110323
33,train_ticket,IMG_3895
34,train_ticket,IMG_20180514_155400
35,train_ticket,IMG_20100316_161252
36,train_ticket,IMG_20100316_173531
37,train_ticket,IMG_20100311_111804
38,train_ticket,IMG_20100309_154221
39,train_ticket,IMG_20100317_111725
40,train_ticket,IMG_20100312_153753
41,train_ticket,IMG_20180522_173419
42,train_ticket,IMG_20100304_164755
43,train_ticket,IMG_20100316_104304
44,train_ticket,IMG_20180522_175024
45,train_ticket,IMG_20100305_112947
46,train_ticket,IMG_4034
47,train_ticket,IMG_20180521_171307
48,train_ticket,IMG_20100304_162839
49,train_ticket,IMG_20180517_170556
50,train_ticket,IMG_20180518_134816
51,train_ticket,IMG_20180522_140059
52,train_ticket,IMG_20180514_132548
53,train_ticket,IMG_20100316_142742
54,train_ticket,IMG_20180522_104632
55,train_ticket,IMG_20180522_142855
56,train_ticket,IMG_20180511_164337
57,train_ticket,IMG_20180515_113127
58,train_ticket,IMG_20100305_104509
59,train_ticket,IMG_20180517_133927
60,train_ticket,IMG_20180518_163340
61,train_ticket,IMG_20180521_150458
62,train_ticket,IMG_20180514_153412
63,train_ticket,IMG_20180522_133852
64,train_ticket,IMG_20180521_162228
65,train_ticket,IMG_20180518_171244
66,train_ticket,IMG_20100310_105520
67,train_ticket,IMG_20100316_174753
68,train_ticket,IMG_20100311_112037
69,train_ticket,IMG_4663
70,train_ticket,IMG_20180521_170608
71,train_ticket,IMG_20100305_112830
72,train_ticket,IMG_20180523_163755
73,train_ticket,IMG_20100311_141812
74,train_ticket,IMG_20100304_145722
75,train_ticket,IMG_20180518_170713
76,train_ticket,IMG_20100310_141905
77,train_ticket,IMG_20180510_171052
78,train_ticket,IMG_20180518_172522
79,train_ticket,IMG_20100315_160546
80,train_ticket,IMG_20100304_172639
81,train_ticket,IMG_20180514_174132
82,train_ticket,IMG_20100310_170107
83,train_ticket,IMG_20100304_131901
84,train_ticket,IMG_20100305_151114
85,train_ticket,IMG_20100309_152647
86,train_ticket,IMG_20100304_105857
87,train_ticket,IMG_20180523_140837
88,train_ticket,IMG_20100305_154947
89,train_ticket,IMG_20100310_174144
90,train_ticket,IMG_4031
91,train_ticket,IMG_20180516_154027
92,train_ticket,IMG_20180522_142910
93,train_ticket,IMG_20100316_170740
94,train_ticket,IMG_4596
95,train_ticket,IMG_20180515_142659
96,train_ticket,IMG_20180514_154211
97,train_ticket,IMG_20180516_173654
98,train_ticket,IMG_20100316_133923
99,train_ticket,IMG_20100312_153203
100,train_ticket,IMG_20180518_170706
101,train_ticket,IMG_20100305_141659
102,train_ticket,IMG_20100305_132716
103,train_ticket,IMG_20180521_150324
104,train_ticket,IMG_20180515_131954
105,train_ticket,IMG_20180514_153615
106,train_ticket,IMG_20180510_151940
107,train_ticket,IMG_20180523_161514
108,train_ticket,IMG_20100310_132347
109,train_ticket,IMG_20180522_173415
110,train_ticket,IMG_20180521_135618
111,train_ticket,IMG_20180518_144242
112,train_ticket,IMG_20100312_134100
113,train_ticket,IMG_20180517_152841
114,train_ticket,IMG_3854
115,train_ticket,IMG_20180516_151659
116,train_ticket,IMG_20100304_113618
117,train_ticket,IMG_20100305_105336
118,train_ticket,IMG_20100309_142759
119,train_ticket,IMG_20100312_153305
120,train_ticket,IMG_20180510_143133
121,train_ticket,IMG_20180518_171109
122,train_ticket,IMG_20180522_161245
123,train_ticket,IMG_20100316_110158
124,train_ticket,IMG_20180521_153426
125,train_ticket,IMG_20100310_174333
126,train_ticket,IMG_20180516_134821
127,train_ticket,IMG_20180516_171132
128,train_ticket,IMG_20100317_145342
129,train_ticket,IMG_20180515_141134
130,train_ticket,IMG_20180517_143313
131,train_ticket,IMG_20180521_163203
132,train_ticket,IMG_20170702_114229
133,train_ticket,IMG_20100311_165143
134,train_ticket,IMG_20180521_153906
135,train_ticket,IMG_20180523_105314
136,train_ticket,IMG_20180523_171821
137,train_ticket,IMG_20180518_164635
138,train_ticket,IMG_20100308_140824
139,train_ticket,IMG_20180516_155257
140,train_ticket,IMG_20100309_111105
141,train_ticket,IMG_20180521_153359
142,train_ticket,IMG_20100317_151919
143,train_ticket,IMG_20180518_150323
144,train_ticket,IMG_20180518_171531
145,train_ticket,IMG_20180522_140422
146,train_ticket,IMG_20100309_103516
147,train_ticket,IMG_20170701_123555
148,train_ticket,IMG_20180514_132636
149,train_ticket,IMG_20180518_155912
150,train_ticket,IMG_20100312_153927
151,train_ticket,IMG_20180517_143319
152,train_ticket,IMG_20180516_154001
153,train_ticket,IMG_20180514_171625
154,train_ticket,IMG_4045
155,train_ticket,IMG_20100304_110743
156,train_ticket,IMG_20100309_140634
157,train_ticket,IMG_20180514_151235
158,train_ticket,IMG_20180515_112644
159,train_ticket,IMG_20100316_174213
160,train_ticket,IMG_20180516_151323
161,train_ticket,IMG_20100312_153324
162,train_ticket,IMG_20180523_150620
163,train_ticket,IMG_20100312_164042
164,train_ticket,IMG_20180522_104506
165,train_ticket,IMG_20100304_144138
166,train_ticket,IMG_20180510_164358
167,train_ticket,IMG_20180515_154619
168,train_ticket,IMG_20100310_174336
169,train_ticket,IMG_20100317_144102
170,train_ticket,IMG_20180516_174805
171,train_ticket,IMG_20100308_144319
172,train_ticket,IMG_20180516_134406
173,train_ticket,IMG_20100308_153159
174,train_ticket,IMG_20180523_172418
175,train_ticket,IMG_20180522_104909
176,train_ticket,IMG_20180514_144850
177,train_ticket,IMG_20180515_152902
178,train_ticket,IMG_20180510_143215
179,train_ticket,IMG_20100315_112757
180,train_ticket,IMG_20180522_110605
181,train_ticket,IMG_20180521_153128
182,train_ticket,IMG_20100317_171215
183,train_ticket,IMG_20100310_165857
184,train_ticket,IMG_20180522_143135
185,train_ticket,IMG_20180521_151858
186,train_ticket,IMG_20180516_172637
187,train_ticket,IMG_20180515_131524
188,train_ticket,IMG_20100308_145711
189,train_ticket,IMG_20180516_163757
190,train_ticket,IMG_3863
191,train_ticket,IMG_20100316_104418
192,train_ticket,IMG_20180522_173615
193,train_ticket,IMG_20180517_171405
194,train_ticket,IMG_20180514_135542
195,train_ticket,IMG_20180511_100817
196,train_ticket,IMG_20180521_170710
197,train_ticket,IMG_20100304_153454
198,train_ticket,IMG_20180523_161517
199,train_ticket,IMG_20100305_104605
200,train_ticket,IMG_20180516_142416
201,train_ticket,IMG_20180523_161520
202,train_ticket,IMG_20100310_174136
203,train_ticket,IMG_20170702_080437
204,train_ticket,IMG_20180518_162018
205,train_ticket,IMG_20180522_134340
206,train_ticket,IMG_20100304_132358
207,train_ticket,IMG_20180523_153602
208,train_ticket,IMG_20180522_144904
209,train_ticket,IMG_20100305_151851
210,train_ticket,IMG_20180522_104930
211,train_ticket,IMG_20100310_174051
212,train_ticket,IMG_20180516_150323
213,train_ticket,IMG_20100310_172316
214,train_ticket,IMG_20180511_141359
215,train_ticket,IMG_20170701_123707
216,train_ticket,IMG_20100309_140628
217,train_ticket,IMG_20180523_112506
218,train_ticket,IMG_20100311_104924
219,train_ticket,IMG_20180523_133406
220,train_ticket,IMG_20100309_155747
221,train_ticket,IMG_20100310_101952
222,train_ticket,IMG_20100305_142355
223,train_ticket,IMG_20100310_102017
224,train_ticket,IMG_20100304_153317
225,train_ticket,IMG_20180514_164656
226,train_ticket,IMG_20100309_154058
227,train_ticket,IMG_20180521_164219
228,train_ticket,IMG_20100317_110255
229,train_ticket,IMG_20180516_153858
230,train_ticket,IMG_20180522_173145
231,train_ticket,IMG_20180511_175836
232,train_ticket,IMG_20180515_131807
233,train_ticket,IMG_20100316_110111
234,train_ticket,IMG_20100305_152812
235,train_ticket,IMG_20180516_110614
236,train_ticket,IMG_20180521_134251
237,train_ticket,IMG_20180522_105016
238,train_ticket,IMG_20180517_160643
239,train_ticket,IMG_20180523_140820
240,train_ticket,IMG_20180515_142052
241,train_ticket,IMG_20180521_153934
242,train_ticket,IMG_20100305_153212
243,train_ticket,IMG_20180518_171235
244,train_ticket,IMG_20100312_153128
245,train_ticket,IMG_20180522_171658
246,train_ticket,IMG_20100312_134732
247,train_ticket,IMG_20170701_123409_Burst01
248,train_ticket,IMG_20180523_111053
249,train_ticket,IMG_20100310_111214
250,train_ticket,IMG_20100308_144310
251,train_ticket,IMG_20180521_151327
252,train_ticket,IMG_20180517_152845
253,train_ticket,IMG_20100310_104321
254,train_ticket,IMG_20170701_123409_Burst02
255,train_ticket,IMG_20180522_173324
256,train_ticket,IMG_20100308_134747
257,train_ticket,IMG_20170702_120033
258,train_ticket,IMG_20180521_150215
259,train_ticket,IMG_20100316_164355
260,train_ticket,IMG_20180514_160825
261,train_ticket,IMG_20100305_140245
262,train_ticket,IMG_20100317_111518
263,train_ticket,IMG_20180517_145134
264,train_ticket,IMG_20180522_173331
265,train_ticket,IMG_20100317_150818
266,train_ticket,IMG_20100316_133448
267,train_ticket,IMG_20180522_104923
268,train_ticket,IMG_20180514_171446
269,train_ticket,IMG_20180517_170138
270,train_ticket,IMG_20180523_172955
271,train_ticket,IMG_20180521_160834
272,train_ticket,IMG_20180518_152132
273,train_ticket,IMG_20100305_105300
274,train_ticket,IMG_20180523_163558
275,train_ticket,IMG_20180517_145620
276,train_ticket,IMG_20100316_110311
277,train_ticket,IMG_20100304_164905
278,train_ticket,IMG_20100315_134816
279,train_ticket,IMG_20180516_153958
280,train_ticket,IMG_3840
281,train_ticket,IMG_20180517_170236
282,train_ticket,IMG_20100304_132443
283,train_ticket,IMG_20180514_153257
284,train_ticket,IMG_20100304_133923
285,train_ticket,IMG_20100312_152850
286,train_ticket,IMG_20180522_145001
287,train_ticket,IMG_20180522_104323
288,train_ticket,IMG_20180521_144000
289,train_ticket,IMG_20180511_134234
290,train_ticket,IMG_20180514_153228
291,train_ticket,IMG_20100317_151915
292,train_ticket,IMG_20100316_104433
293,train_ticket,IMG_20170702_112706
294,train_ticket,IMG_20180523_163646
295,train_ticket,IMG_20100311_110532
296,train_ticket,IMG_20100304_135146
297,train_ticket,IMG_20180515_131637
298,train_ticket,IMG_20180522_140613
299,train_ticket,IMG_20180522_165901
300,train_ticket,IMG_20100304_104410
301,train_ticket,IMG_20180523_153439
302,train_ticket,IMG_20180523_145257
303,train_ticket,IMG_20180518_154748
304,train_ticket,IMG_20180521_161947
305,train_ticket,IMG_20100317_112937
306,train_ticket,IMG_20180510_163930
307,train_ticket,IMG_20100312_153350
308,train_ticket,IMG_20100315_144037
309,train_ticket,IMG_20180517_141746
310,train_ticket,IMG_20180518_171212
311,train_ticket,IMG_20180523_153218
312,train_ticket,IMG_20100311_104541
313,train_ticket,IMG_20180516_163750
314,train_ticket,IMG_20180517_144431
315,train_ticket,IMG_20100317_152409
316,train_ticket,IMG_20180516_103118
317,train_ticket,IMG_20100312_164813
318,train_ticket,IMG_20100317_112807
319,train_ticket,IMG_20100305_153306
320,train_ticket,51b12d9684795bffc5c7f39f6f5fe866
321,train_ticket,637236f8ec96f617454950b18b1d3332
322,train_ticket,b2d906d4b81b7f0a7cc09bd41eaf2bc0
323,train_ticket,fe57a5db3c8c1a1d831a837a03efe9f7
324,train_ticket,IMG_20100304_105936
325,train_ticket,IMG_20100304_110037
326,train_ticket,IMG_20100304_110044
327,train_ticket,IMG_20100304_110557
328,train_ticket,IMG_20100304_111920
329,train_ticket,IMG_20100304_111925
330,train_ticket,IMG_20100304_113101
331,train_ticket,IMG_20100304_113612
332,train_ticket,IMG_20100304_113645
333,train_ticket,IMG_20100304_131241
334,train_ticket,IMG_20100304_131401
335,train_ticket,IMG_20100304_131409
336,train_ticket,IMG_20100304_131414
337,train_ticket,IMG_20100304_131434
338,train_ticket,IMG_20100304_131438
339,train_ticket,IMG_20100304_131444
340,train_ticket,IMG_20100304_131717
341,train_ticket,IMG_20100304_131722
342,train_ticket,IMG_20100304_131935
343,train_ticket,IMG_20100304_132334
344,train_ticket,IMG_20100304_132404
345,train_ticket,IMG_20100304_132440
346,train_ticket,IMG_20100304_132623
347,train_ticket,IMG_20100304_133029
348,train_ticket,IMG_20100304_133131
349,train_ticket,IMG_20100304_133154
350,train_ticket,IMG_20100304_133158
351,train_ticket,IMG_20100304_133217
352,train_ticket,IMG_20100304_133815
353,train_ticket,IMG_20100304_133818
354,train_ticket,IMG_20100304_134155
355,train_ticket,IMG_20100304_134200
356,train_ticket,IMG_20100304_135207
357,train_ticket,IMG_20100304_143106
358,train_ticket,IMG_20100304_143111
359,train_ticket,IMG_20100304_143344
360,train_ticket,IMG_20100304_143347
361,train_ticket,IMG_20100304_144236
362,train_ticket,IMG_20100304_145149
363,train_ticket,IMG_20100304_145710
364,train_ticket,IMG_20100304_145715
365,train_ticket,IMG_20100304_145911
366,train_ticket,IMG_20100304_150457
367,train_ticket,IMG_20100304_150501
368,train_ticket,IMG_20100304_151302
369,train_ticket,IMG_20100304_151402
370,train_ticket,IMG_20100304_153139
371,train_ticket,IMG_20100304_160931
372,train_ticket,IMG_20100304_161105
373,train_ticket,IMG_20100304_161108
374,train_ticket,IMG_20100304_162053
375,train_ticket,IMG_20100304_162058
376,train_ticket,IMG_20100304_162102
377,train_ticket,IMG_20100304_162106
378,train_ticket,IMG_20100304_162130
379,train_ticket,IMG_20100304_162835
380,train_ticket,IMG_20100304_163012
381,train_ticket,IMG_20100304_164749
382,train_ticket,IMG_20100304_164910
383,train_ticket,IMG_20100304_164917
384,train_ticket,IMG_20100304_165417
385,train_ticket,IMG_20100304_172634
386,train_ticket,IMG_20100305_104540
387,train_ticket,IMG_20100305_104551
388,train_ticket,IMG_20100305_105316
389,train_ticket,IMG_20100305_112032
390,train_ticket,IMG_20100305_112107
391,train_ticket,IMG_20100305_112742
392,train_ticket,IMG_20100305_112804
393,train_ticket,IMG_20100305_112818
394,train_ticket,IMG_20100305_112955
395,train_ticket,IMG_20100305_113512
396,train_ticket,IMG_20100305_113852
397,train_ticket,IMG_20100305_113909
398,train_ticket,IMG_20100305_114228
399,train_ticket,IMG_20100305_115251
400,train_ticket,IMG_20100305_115305
401,train_ticket,IMG_20100305_115315
402,train_ticket,IMG_20100305_132708
403,train_ticket,IMG_20100305_135259
404,train_ticket,IMG_20100305_140232
405,train_ticket,IMG_20100305_140252
406,train_ticket,IMG_20100305_140258
407,train_ticket,IMG_20100305_141728
408,train_ticket,IMG_20100305_143202
409,train_ticket,IMG_20100305_143207
410,train_ticket,IMG_20100305_144747
411,train_ticket,IMG_20100305_145512
412,train_ticket,IMG_20100305_145617
413,train_ticket,IMG_20100305_145709
414,train_ticket,IMG_20100305_145938
415,train_ticket,IMG_20100305_150724
416,train_ticket,IMG_20100305_150731
417,train_ticket,IMG_20100305_151131
418,train_ticket,IMG_20100305_151633
419,train_ticket,IMG_20100305_151858
420,train_ticket,IMG_20100305_152038
421,train_ticket,IMG_20100305_152741
422,train_ticket,IMG_20100305_152749
423,train_ticket,IMG_20100305_152755
424,train_ticket,IMG_20100305_152801
425,train_ticket,IMG_20100305_152855
426,train_ticket,IMG_20100305_152900
427,train_ticket,IMG_20100305_152905
428,train_ticket,IMG_20100305_152909
429,train_ticket,IMG_20100305_152914
430,train_ticket,IMG_20100305_152921
431,train_ticket,IMG_20100305_152925
432,train_ticket,IMG_20100305_153200
433,train_ticket,IMG_20100305_153207
434,train_ticket,IMG_20100305_153220
435,train_ticket,IMG_20100305_153244
436,train_ticket,IMG_20100305_153250
437,train_ticket,IMG_20100305_153310
438,train_ticket,IMG_20100305_153329
439,train_ticket,IMG_20100305_153852
440,train_ticket,IMG_20100305_154835
441,train_ticket,IMG_20100305_154840
442,train_ticket,IMG_20100305_155519
443,train_ticket,IMG_20100305_155527
444,train_ticket,IMG_20100305_155712
445,train_ticket,IMG_20100305_160204
446,train_ticket,IMG_20100305_160208
447,train_ticket,IMG_20100305_160722
448,train_ticket,IMG_20100305_160835
449,train_ticket,IMG_20100305_160839
450,train_ticket,IMG_20100305_160843
451,train_ticket,IMG_20100305_161221
452,train_ticket,IMG_20100305_161323
453,train_ticket,IMG_20100305_161419
454,train_ticket,IMG_20100305_161422
455,train_ticket,IMG_20100305_161426
456,train_ticket,IMG_20100305_161506
457,train_ticket,IMG_20100308_105214
458,train_ticket,IMG_20100308_110648
459,train_ticket,IMG_20100308_110909
460,train_ticket,IMG_20100308_111129
461,train_ticket,IMG_20100308_112235
462,train_ticket,IMG_20100308_112301
463,train_ticket,IMG_20100308_131530
464,train_ticket,IMG_20100308_131536
465,train_ticket,IMG_20100308_132200
466,train_ticket,IMG_20100308_132204
467,train_ticket,IMG_20100308_132243
468,train_ticket,IMG_20100308_132534
469,train_ticket,IMG_20100308_134224
470,train_ticket,IMG_20100308_134233
471,train_ticket,IMG_20100308_134432
472,train_ticket,IMG_20100308_134448
473,train_ticket,IMG_20100308_134455
474,train_ticket,IMG_20100308_134635
475,train_ticket,IMG_20100308_134653
476,train_ticket,IMG_20100308_135659
477,train_ticket,IMG_20100308_135704
478,train_ticket,IMG_20100308_135828
479,train_ticket,IMG_20100308_135837
480,train_ticket,IMG_20100308_140750
481,train_ticket,IMG_20100308_140832
482,train_ticket,IMG_20100308_140845
483,train_ticket,IMG_20100308_144314
484,train_ticket,IMG_20100308_144337
485,train_ticket,IMG_20100308_144347
486,train_ticket,IMG_20100308_150719
487,train_ticket,IMG_20100308_152259
488,train_ticket,IMG_20100308_153007
489,train_ticket,IMG_20100308_153043
490,train_ticket,IMG_20100308_153218
491,train_ticket,IMG_20100308_153223
492,train_ticket,IMG_20100308_153228
493,train_ticket,IMG_20100308_153232
494,train_ticket,IMG_20100308_153237
495,train_ticket,IMG_20100308_153311
496,train_ticket,IMG_20100308_153317
497,train_ticket,IMG_20100308_154227
498,train_ticket,IMG_20100309_102114
499,train_ticket,IMG_20100309_102830
500,train_ticket,IMG_20100309_102835
501,train_ticket,IMG_20100309_103124
502,train_ticket,IMG_20100309_103304
503,train_ticket,IMG_20100309_103510
504,train_ticket,IMG_20100309_104040
505,train_ticket,IMG_20100309_104633
506,train_ticket,IMG_20100309_105404
507,train_ticket,IMG_20100309_110709
508,train_ticket,IMG_20100309_111058
509,train_ticket,IMG_20100309_112106
510,train_ticket,IMG_20100309_132136
511,train_ticket,IMG_20100309_132144
512,train_ticket,IMG_20100309_132434
513,train_ticket,IMG_20100309_132439
514,train_ticket,IMG_20100309_132911
515,train_ticket,IMG_20100309_133808
516,train_ticket,IMG_20100309_134404
517,train_ticket,IMG_20100309_134432
518,train_ticket,IMG_20100309_135528
519,train_ticket,IMG_20100309_135705
520,train_ticket,IMG_20100309_135718
521,train_ticket,IMG_20100309_142909
522,train_ticket,IMG_20100309_143927
523,train_ticket,IMG_20100309_143943
524,train_ticket,IMG_20100309_144341
525,train_ticket,IMG_20100309_144349
526,train_ticket,IMG_20100309_144945
527,train_ticket,IMG_20100309_144950
528,train_ticket,IMG_20100309_145331
529,train_ticket,IMG_20100309_145438
530,train_ticket,IMG_20100309_145655
531,train_ticket,IMG_20100309_145706
532,train_ticket,IMG_20100309_145716
533,train_ticket,IMG_20100309_145722
534,train_ticket,IMG_20100309_154054
535,train_ticket,IMG_20100309_154108
536,train_ticket,IMG_20100309_155023
537,train_ticket,IMG_20100309_155550
538,train_ticket,IMG_20100309_155629
539,train_ticket,IMG_20100309_155741
540,train_ticket,IMG_20100309_160126
541,train_ticket,IMG_20100309_160131
542,train_ticket,IMG_20100310_101226
543,train_ticket,IMG_20100310_101957
544,train_ticket,IMG_20100310_102022
545,train_ticket,IMG_20100310_102026
546,train_ticket,IMG_20100310_103128
547,train_ticket,IMG_20100310_103131
548,train_ticket,IMG_20100310_104257
549,train_ticket,IMG_20100310_104315
550,train_ticket,IMG_20100310_104731
551,train_ticket,IMG_20100310_104818
552,train_ticket,IMG_20100310_105154
553,train_ticket,IMG_20100310_105324
554,train_ticket,IMG_20100310_105327
555,train_ticket,IMG_20100310_105524
556,train_ticket,IMG_20100310_110227
557,train_ticket,IMG_20100310_110230
558,train_ticket,IMG_20100310_111218
559,train_ticket,IMG_20100310_111241
560,train_ticket,IMG_20100310_112000
561,train_ticket,IMG_20100310_112005
562,train_ticket,IMG_20100310_132330
563,train_ticket,IMG_20100310_132336
564,train_ticket,IMG_20100310_135227
565,train_ticket,IMG_20100310_142451
566,train_ticket,IMG_20100310_144254
567,train_ticket,IMG_20100310_145308
568,train_ticket,IMG_20100310_152827
569,train_ticket,IMG_20100310_154823
570,train_ticket,IMG_20100310_155431
571,train_ticket,IMG_20100310_155721
572,train_ticket,IMG_20100310_155731
573,train_ticket,IMG_20100310_160131
574,train_ticket,IMG_20100310_160136
575,train_ticket,IMG_20100310_161132
576,train_ticket,IMG_20100310_161425
577,train_ticket,IMG_20100310_165018
578,train_ticket,IMG_20100310_165912
579,train_ticket,IMG_20100310_170110
580,train_ticket,IMG_20100310_170240
581,train_ticket,IMG_20100310_174037
582,train_ticket,IMG_20100310_174103
583,train_ticket,IMG_20100310_174107
584,train_ticket,IMG_20100310_174115
585,train_ticket,IMG_20100310_174140
586,train_ticket,IMG_20100311_104505
587,train_ticket,IMG_20100311_104728_Burst01
588,train_ticket,IMG_20100311_104814
589,train_ticket,IMG_20100311_104949
590,train_ticket,IMG_20100311_110644
591,train_ticket,IMG_20100311_111653
592,train_ticket,IMG_20100311_111702
593,train_ticket,IMG_20100311_111920
594,train_ticket,IMG_20100311_112059
595,train_ticket,IMG_20100311_112126
596,train_ticket,IMG_20100311_113156
597,train_ticket,IMG_20100311_140041_1
598,train_ticket,IMG_20100311_140131
599,train_ticket,IMG_20100311_140317
600,train_ticket,IMG_20100311_140415
601,train_ticket,IMG_20100311_140505
602,train_ticket,IMG_20100311_144049_1
603,train_ticket,IMG_20100311_144121
604,train_ticket,IMG_20100311_151114
605,train_ticket,IMG_20100311_151152
606,train_ticket,IMG_20100311_151238
607,train_ticket,IMG_20100311_151920
608,train_ticket,IMG_20100311_152606
609,train_ticket,IMG_20100311_153730
610,train_ticket,IMG_20100311_153740
611,train_ticket,IMG_20100311_154527
612,train_ticket,IMG_20100311_154546
613,train_ticket,IMG_20100311_155649
614,train_ticket,IMG_20100311_155704
615,train_ticket,IMG_20100311_161744
616,train_ticket,IMG_20100311_162446
617,train_ticket,IMG_20100311_164201
618,train_ticket,IMG_20100311_165150
619,train_ticket,IMG_20100311_170505
620,train_ticket,IMG_20100311_170523
621,train_ticket,IMG_20100312_104428
622,train_ticket,IMG_20100312_104431
623,train_ticket,IMG_20100312_112517
624,train_ticket,IMG_20100312_132845
625,train_ticket,IMG_20100312_132848
626,train_ticket,IMG_20100312_133632
627,train_ticket,IMG_20100312_134152
628,train_ticket,IMG_20100312_134200
629,train_ticket,IMG_20100312_134307
630,train_ticket,IMG_20100312_134320
631,train_ticket,IMG_20100312_134655
632,train_ticket,IMG_20100312_134738
633,train_ticket,IMG_20100312_134743
634,train_ticket,IMG_20100312_134747
635,train_ticket,IMG_20100312_134842
636,train_ticket,IMG_20100312_134853
637,train_ticket,IMG_20100312_144516
638,train_ticket,IMG_20100312_144557
639,train_ticket,IMG_20100312_145215
640,train_ticket,IMG_20100312_145222
641,train_ticket,IMG_20100312_145300
642,train_ticket,IMG_20100312_145306
643,train_ticket,IMG_20100312_145601
644,train_ticket,IMG_20100312_145606
645,train_ticket,IMG_20100312_150920
646,train_ticket,IMG_20100312_152525
647,train_ticket,IMG_20100312_152625
648,train_ticket,IMG_20100312_153058
649,train_ticket,IMG_20100312_153104
650,train_ticket,IMG_20100312_153118
651,train_ticket,IMG_20100312_153132
652,train_ticket,IMG_20100312_153158
653,train_ticket,IMG_20100312_153210
654,train_ticket,IMG_20100312_153219
655,train_ticket,IMG_20100312_153238
656,train_ticket,IMG_20100312_153243
657,train_ticket,IMG_20100312_153309
658,train_ticket,IMG_20100312_153316
659,train_ticket,IMG_20100312_153319
660,train_ticket,IMG_20100312_153353
661,train_ticket,IMG_20100312_153744
662,train_ticket,IMG_20100312_153759
663,train_ticket,IMG_20100312_155459
664,train_ticket,IMG_20100312_155915
665,train_ticket,IMG_20100312_155958
666,train_ticket,IMG_20100312_160001
667,train_ticket,IMG_20100312_160035
668,train_ticket,IMG_20100312_164030
669,train_ticket,IMG_20100312_164114
670,train_ticket,IMG_20100312_164159
671,train_ticket,IMG_20100312_164202
672,train_ticket,IMG_20100312_164817
673,train_ticket,IMG_20100312_170141
674,train_ticket,IMG_20100312_173549
675,train_ticket,IMG_20100312_173702
676,train_ticket,IMG_20100315_111643
677,train_ticket,IMG_20100315_111800
678,train_ticket,IMG_20100315_112223
679,train_ticket,IMG_20100315_112227
680,train_ticket,IMG_20100315_130910
681,train_ticket,IMG_20100315_132021
682,train_ticket,IMG_20100315_132036
683,train_ticket,IMG_20100315_132045
684,train_ticket,IMG_20100315_132057
685,train_ticket,IMG_20100315_132101
686,train_ticket,IMG_20100315_132147
687,train_ticket,IMG_20100315_132223
688,train_ticket,IMG_20100315_132258
689,train_ticket,IMG_20100315_132716
690,train_ticket,IMG_20100315_133629
691,train_ticket,IMG_20100315_133633
692,train_ticket,IMG_20100315_134704
693,train_ticket,IMG_20100315_134813
694,train_ticket,IMG_20100315_134847
695,train_ticket,IMG_20100315_134852
696,train_ticket,IMG_20100315_135037
697,train_ticket,IMG_20100315_135042
698,train_ticket,IMG_20100315_135211
699,train_ticket,IMG_20100315_135617
700,train_ticket,IMG_20100315_140237
701,train_ticket,IMG_20100315_143505
702,train_ticket,IMG_20100315_144331
703,train_ticket,IMG_20100315_145059
704,train_ticket,IMG_20100315_151812
705,train_ticket,IMG_20100315_152028
706,train_ticket,IMG_20100315_152045
707,train_ticket,IMG_20100315_152751
708,train_ticket,IMG_20100315_152758
709,train_ticket,IMG_20100315_153108
710,train_ticket,IMG_20100315_153346
711,train_ticket,IMG_20100315_160551
712,train_ticket,IMG_20100315_162217
713,train_ticket,IMG_20100315_162935
714,train_ticket,IMG_20100315_163220
715,train_ticket,IMG_20100315_164335
716,train_ticket,IMG_20100315_164511
717,train_ticket,IMG_20100316_103225
718,train_ticket,IMG_20100316_103254
719,train_ticket,IMG_20100316_104146
720,train_ticket,IMG_20100316_104156
721,train_ticket,IMG_20100316_104208
722,train_ticket,IMG_20100316_104244
723,train_ticket,IMG_20100316_104300
724,train_ticket,IMG_20100316_104314
725,train_ticket,IMG_20100316_104320
726,train_ticket,IMG_20100316_104325
727,train_ticket,IMG_20100316_104440
728,train_ticket,IMG_20100316_104446
729,train_ticket,IMG_20100316_104456
730,train_ticket,IMG_20100316_104502
731,train_ticket,IMG_20100316_110124
732,train_ticket,IMG_20100316_110129
733,train_ticket,IMG_20100316_110149
734,train_ticket,IMG_20100316_110153
735,train_ticket,IMG_20100316_110205
736,train_ticket,IMG_20100316_110214
737,train_ticket,IMG_20100316_110245
738,train_ticket,IMG_20100316_110249
739,train_ticket,IMG_20100316_110255
740,train_ticket,IMG_20100316_110306
741,train_ticket,IMG_20100316_110349
742,train_ticket,IMG_20100316_132947
743,train_ticket,IMG_20100316_132955
744,train_ticket,IMG_20100316_133455
745,train_ticket,IMG_20100316_133850
746,train_ticket,IMG_20100316_134344
747,train_ticket,IMG_20100316_134924
748,train_ticket,IMG_20100316_141316
749,train_ticket,IMG_20100316_141322
750,train_ticket,IMG_20100316_141816
751,train_ticket,IMG_20100316_142619
752,train_ticket,IMG_20100316_142623
753,train_ticket,IMG_20100316_143558
754,train_ticket,IMG_20100316_143611
755,train_ticket,IMG_20100316_145657
756,train_ticket,IMG_20100316_150743
757,train_ticket,IMG_20100316_150756
758,train_ticket,IMG_20100316_151037
759,train_ticket,IMG_20100316_152635
760,train_ticket,IMG_20100316_152646
761,train_ticket,IMG_20100316_153542
762,train_ticket,IMG_20100316_155549
763,train_ticket,IMG_20100316_155756
764,train_ticket,IMG_20100316_161258
765,train_ticket,IMG_20100316_162207
766,train_ticket,IMG_20100316_164347
767,train_ticket,IMG_20100316_164351
768,train_ticket,IMG_20100316_164359
769,train_ticket,IMG_20100316_164530
770,train_ticket,IMG_20100316_164536
771,train_ticket,IMG_20100316_165323
772,train_ticket,IMG_20100316_171100
773,train_ticket,IMG_20100316_171114
774,train_ticket,IMG_20100316_171723
775,train_ticket,IMG_20100316_173244
776,train_ticket,IMG_20100316_173249
777,train_ticket,IMG_20100316_173253
778,train_ticket,IMG_20100316_173538
779,train_ticket,IMG_20100316_174239
780,train_ticket,IMG_20100316_174243
781,train_ticket,IMG_20100316_174248
782,train_ticket,IMG_20100316_174251
783,train_ticket,IMG_20100316_174414
784,train_ticket,IMG_20100316_174748
785,train_ticket,IMG_20100317_105419
786,train_ticket,IMG_20100317_105804
787,train_ticket,IMG_20100317_105954
788,train_ticket,IMG_20100317_105957
789,train_ticket,IMG_20100317_110011
790,train_ticket,IMG_20100317_110033
791,train_ticket,IMG_20100317_110035
792,train_ticket,IMG_20100317_111321
793,train_ticket,IMG_20100317_111324
794,train_ticket,IMG_20100317_111523
795,train_ticket,IMG_20100317_111532
796,train_ticket,IMG_20100317_111602
797,train_ticket,IMG_20100317_111608
798,train_ticket,IMG_20100317_111636
799,train_ticket,IMG_20100317_111654
800,train_ticket,IMG_20100317_111657
801,train_ticket,IMG_20100317_111700
802,train_ticket,IMG_20100317_111709
803,train_ticket,IMG_20100317_111712
804,train_ticket,IMG_20100317_111728
805,train_ticket,IMG_20100317_111731
806,train_ticket,IMG_20100317_111733
807,train_ticket,IMG_20100317_111736
808,train_ticket,IMG_20100317_111738
809,train_ticket,IMG_20100317_112746
810,train_ticket,IMG_20100317_112819
811,train_ticket,IMG_20100317_112823
812,train_ticket,IMG_20100317_112832
813,train_ticket,IMG_20100317_130927
814,train_ticket,IMG_20100317_131949
815,train_ticket,IMG_20100317_131952
816,train_ticket,IMG_20100317_132611
817,train_ticket,IMG_20100317_135511
818,train_ticket,IMG_20100317_143058
819,train_ticket,IMG_20100317_143509
820,train_ticket,IMG_20100317_143512
821,train_ticket,IMG_20100317_143527
822,train_ticket,IMG_20100317_143532
823,train_ticket,IMG_20100317_143536
824,train_ticket,IMG_20100317_143729
825,train_ticket,IMG_20100317_144106
826,train_ticket,IMG_20100317_144109
827,train_ticket,IMG_20100317_144238
828,train_ticket,IMG_20100317_145338
829,train_ticket,IMG_20100317_145353
830,train_ticket,IMG_20100317_150007
831,train_ticket,IMG_20100317_150802
832,train_ticket,IMG_20100317_151654
833,train_ticket,IMG_20100317_151909
834,train_ticket,IMG_20100317_152405
835,train_ticket,IMG_20100317_152420
836,train_ticket,IMG_20100317_152522
837,train_ticket,IMG_20100317_155719
838,train_ticket,IMG_20100317_162941
839,train_ticket,IMG_20100317_163011
840,train_ticket,IMG_20100317_163013
841,train_ticket,IMG_20100317_163316
842,train_ticket,IMG_20100317_165821
843,train_ticket,IMG_20100317_165824
844,train_ticket,IMG_20100317_171207
845,train_ticket,IMG_20100317_171245
846,train_ticket,IMG_20170701_123409_Burst03
847,train_ticket,IMG_20170701_123409_Burst04
848,train_ticket,IMG_20170701_123409_Burst05
849,train_ticket,IMG_20170701_123601
850,train_ticket,IMG_20170701_123722
851,train_ticket,IMG_20170701_124501
852,train_ticket,IMG_20170701_124845
853,train_ticket,IMG_20170701_131017
854,train_ticket,IMG_20170701_131021
855,train_ticket,IMG_20170701_132714
856,train_ticket,IMG_20170701_132739
857,train_ticket,IMG_20170701_132756
858,train_ticket,IMG_20170701_134318
859,train_ticket,IMG_20170701_134359
860,train_ticket,IMG_20170701_134404
861,train_ticket,IMG_20170701_134956
862,train_ticket,IMG_20170701_135001
863,train_ticket,IMG_20170701_135130
864,train_ticket,IMG_20170701_135145
865,train_ticket,IMG_20170701_135750
866,train_ticket,IMG_20170701_135758
867,train_ticket,IMG_20170702_075317
868,train_ticket,IMG_20170702_075336
869,train_ticket,IMG_20170702_075345
870,train_ticket,IMG_20170702_080442
871,train_ticket,IMG_20170702_080448
872,train_ticket,IMG_20170702_080457
873,train_ticket,IMG_20170702_080502
874,train_ticket,IMG_20170702_082839
875,train_ticket,IMG_20170702_082848
876,train_ticket,IMG_20170702_103049
877,train_ticket,IMG_20170702_103056
878,train_ticket,IMG_20170702_103102
879,train_ticket,IMG_20170702_103134
880,train_ticket,IMG_20170702_103440
881,train_ticket,IMG_20170702_105835
882,train_ticket,IMG_20170702_112444
883,train_ticket,IMG_20170702_112448
884,train_ticket,IMG_20170702_112701
885,train_ticket,IMG_20170702_114226
886,train_ticket,IMG_20170702_114234
887,train_ticket,IMG_20170702_114246
888,train_ticket,IMG_20170702_115531
889,train_ticket,IMG_20170702_115800
890,train_ticket,IMG_20170702_124751
891,train_ticket,IMG_20170702_124755
892,train_ticket,IMG_20170702_124938
893,train_ticket,IMG_20170702_130334
894,train_ticket,IMG_20170702_133646
895,train_ticket,IMG_20170702_133655
896,train_ticket,IMG_20180510_112005
897,train_ticket,IMG_20180510_112911
898,train_ticket,IMG_20180510_112939
899,train_ticket,IMG_20180510_113412
900,train_ticket,IMG_20180510_113434
901,train_ticket,IMG_20180510_132921
902,train_ticket,IMG_20180510_133201
903,train_ticket,IMG_20180510_133224
904,train_ticket,IMG_20180510_133339
905,train_ticket,IMG_20180510_135058
906,train_ticket,IMG_20180510_140654
907,train_ticket,IMG_20180510_143146
908,train_ticket,IMG_20180510_143806
909,train_ticket,IMG_20180510_143822
910,train_ticket,IMG_20180510_144333
911,train_ticket,IMG_20180510_145300
912,train_ticket,IMG_20180510_150731
913,train_ticket,IMG_20180510_151606
914,train_ticket,IMG_20180510_151909
915,train_ticket,IMG_20180510_151926
916,train_ticket,IMG_20180510_154856
917,train_ticket,IMG_20180510_161629
918,train_ticket,IMG_20180510_161704
919,train_ticket,IMG_20180510_162449
920,train_ticket,IMG_20180510_162618
921,train_ticket,IMG_20180510_163922
922,train_ticket,IMG_20180510_164024
923,train_ticket,IMG_20180510_164111
924,train_ticket,IMG_20180510_165349
925,train_ticket,IMG_20180510_165414
926,train_ticket,IMG_20180510_165450
927,train_ticket,IMG_20180510_170354
928,train_ticket,IMG_20180510_170640
929,train_ticket,IMG_20180510_170702
930,train_ticket,IMG_20180510_170720
931,train_ticket,IMG_20180510_170736
932,train_ticket,IMG_20180510_170836
933,train_ticket,IMG_20180510_171016
934,train_ticket,IMG_20180510_171104
935,train_ticket,IMG_20180510_172730
936,train_ticket,IMG_20180510_172805
937,train_ticket,IMG_20180510_172905
938,train_ticket,IMG_20180510_172914
939,train_ticket,IMG_20180510_172956
940,train_ticket,IMG_20180510_173040
941,train_ticket,IMG_20180510_173902
942,train_ticket,IMG_20180510_173944
943,train_ticket,IMG_20180511_102113
944,train_ticket,IMG_20180511_103449
945,train_ticket,IMG_20180511_133842
946,train_ticket,IMG_20180511_134104
947,train_ticket,IMG_20180511_134327
948,train_ticket,IMG_20180511_134407
949,train_ticket,IMG_20180511_140135
950,train_ticket,IMG_20180511_140207
951,train_ticket,IMG_20180511_141251
952,train_ticket,IMG_20180511_141319
953,train_ticket,IMG_20180511_144001
954,train_ticket,IMG_20180511_144026
955,train_ticket,IMG_20180511_145249
956,train_ticket,IMG_20180511_150026
957,train_ticket,IMG_20180511_150325
958,train_ticket,IMG_20180511_150339
959,train_ticket,IMG_20180511_150543
960,train_ticket,IMG_20180511_152530
961,train_ticket,IMG_20180511_152601
962,train_ticket,IMG_20180511_153943
963,train_ticket,IMG_20180511_154017
964,train_ticket,IMG_20180511_154028
965,train_ticket,IMG_20180511_154041
966,train_ticket,IMG_20180511_154050
967,train_ticket,IMG_20180511_154058
968,train_ticket,IMG_20180511_154253
969,train_ticket,IMG_20180511_154309
970,train_ticket,IMG_20180511_154418
971,train_ticket,IMG_20180511_154427
972,train_ticket,IMG_20180511_155526
973,train_ticket,IMG_20180511_161324
974,train_ticket,IMG_20180511_164029
975,train_ticket,IMG_20180511_164038
976,train_ticket,IMG_20180511_164048
977,train_ticket,IMG_20180511_164058
978,train_ticket,IMG_20180511_164106
979,train_ticket,IMG_20180511_164327
980,train_ticket,IMG_20180511_164346
981,train_ticket,IMG_20180511_165457
982,train_ticket,IMG_20180511_165541
983,train_ticket,IMG_20180511_172442
984,train_ticket,IMG_20180511_172939
985,train_ticket,IMG_20180511_172949
986,train_ticket,IMG_20180511_174740
987,train_ticket,IMG_20180511_174844
988,train_ticket,IMG_20180511_175444
989,train_ticket,IMG_20180511_175841
990,train_ticket,IMG_20180511_175923
991,train_ticket,IMG_20180511_175932
992,train_ticket,IMG_20180514_110413
993,train_ticket,IMG_20180514_110432
994,train_ticket,IMG_20180514_110740
995,train_ticket,IMG_20180514_110756
996,train_ticket,IMG_20180514_111314
997,train_ticket,IMG_20180514_111526
998,train_ticket,IMG_20180514_111706
999,train_ticket,IMG_20180514_132504
1000,train_ticket,IMG_20180514_132511
1001,train_ticket,IMG_20180514_132532
1002,train_ticket,IMG_20180514_132535
1003,train_ticket,IMG_20180514_134513
1004,train_ticket,IMG_20180514_135452
1005,train_ticket,IMG_20180514_135458
1006,train_ticket,IMG_20180514_135533
1007,train_ticket,IMG_20180514_135649
1008,train_ticket,IMG_20180514_142550
1009,train_ticket,IMG_20180514_142836
1010,train_ticket,IMG_20180514_142846
1011,train_ticket,IMG_20180514_144237
1012,train_ticket,IMG_20180514_144754
1013,train_ticket,IMG_20180514_144805
1014,train_ticket,IMG_20180514_145018
1015,train_ticket,IMG_20180514_145627
1016,train_ticket,IMG_20180514_151239
1017,train_ticket,IMG_20180514_151645
1018,train_ticket,IMG_20180514_151648
1019,train_ticket,IMG_20180514_152008
1020,train_ticket,IMG_20180514_152736
1021,train_ticket,IMG_20180514_152738
1022,train_ticket,IMG_20180514_153130
1023,train_ticket,IMG_20180514_153206
1024,train_ticket,IMG_20180514_153210
1025,train_ticket,IMG_20180514_153215
1026,train_ticket,IMG_20180514_153224
1027,train_ticket,IMG_20180514_153238
1028,train_ticket,IMG_20180514_153241
1029,train_ticket,IMG_20180514_153244
1030,train_ticket,IMG_20180514_153249
1031,train_ticket,IMG_20180514_153253
1032,train_ticket,IMG_20180514_153452
1033,train_ticket,IMG_20180514_153502
1034,train_ticket,IMG_20180514_153531
1035,train_ticket,IMG_20180514_153545
1036,train_ticket,IMG_20180514_153554
1037,train_ticket,IMG_20180514_153606
1038,train_ticket,IMG_20180514_153622
1039,train_ticket,IMG_20180514_153724
1040,train_ticket,IMG_20180514_153726
1041,train_ticket,IMG_20180514_153729
1042,train_ticket,IMG_20180514_154214
1043,train_ticket,IMG_20180514_154316
1044,train_ticket,IMG_20180514_154537
1045,train_ticket,IMG_20180514_154635
1046,train_ticket,IMG_20180514_155334
1047,train_ticket,IMG_20180514_155624
1048,train_ticket,IMG_20180514_160820
1049,train_ticket,IMG_20180514_160854
1050,train_ticket,IMG_20180514_160900
1051,train_ticket,IMG_20180514_160956
1052,train_ticket,IMG_20180514_161002
1053,train_ticket,IMG_20180514_162320
1054,train_ticket,IMG_20180514_162425
1055,train_ticket,IMG_20180514_164306
1056,train_ticket,IMG_20180514_164408
1057,train_ticket,IMG_20180514_164422
1058,train_ticket,IMG_20180514_164429
1059,train_ticket,IMG_20180514_164702
1060,train_ticket,IMG_20180514_165002
1061,train_ticket,IMG_20180514_165126
1062,train_ticket,IMG_20180514_165135
1063,train_ticket,IMG_20180514_165544
1064,train_ticket,IMG_20180514_165905
1065,train_ticket,IMG_20180514_170232
1066,train_ticket,IMG_20180514_170237
1067,train_ticket,IMG_20180514_170520
1068,train_ticket,IMG_20180514_170742
1069,train_ticket,IMG_20180514_171441
1070,train_ticket,IMG_20180514_171622
1071,train_ticket,IMG_20180514_172008
1072,train_ticket,IMG_20180514_173912
1073,train_ticket,IMG_20180514_173937
1074,train_ticket,IMG_20180514_173954
1075,train_ticket,IMG_20180514_174038
1076,train_ticket,IMG_20180514_174042
1077,train_ticket,IMG_20180514_174317
1078,train_ticket,IMG_20180514_174351
1079,train_ticket,IMG_20180514_174632
1080,train_ticket,IMG_20180514_174641
1081,train_ticket,IMG_20180514_175254
1082,train_ticket,IMG_20180514_175256
1083,train_ticket,IMG_20180514_175614
1084,train_ticket,IMG_20180515_094651
1085,train_ticket,IMG_20180515_094834
1086,train_ticket,IMG_20180515_101825
1087,train_ticket,IMG_20180515_102139
1088,train_ticket,IMG_20180515_103244
1089,train_ticket,IMG_20180515_103525
1090,train_ticket,IMG_20180515_103532
1091,train_ticket,IMG_20180515_103616
1092,train_ticket,IMG_20180515_112406
1093,train_ticket,IMG_20180515_112742
1094,train_ticket,IMG_20180515_112841
1095,train_ticket,IMG_20180515_113024
1096,train_ticket,IMG_20180515_113141
1097,train_ticket,IMG_20180515_113155
1098,train_ticket,IMG_20180515_131413
1099,train_ticket,IMG_20180515_131448
1100,train_ticket,IMG_20180515_131553
1101,train_ticket,IMG_20180515_131802
1102,train_ticket,IMG_20180515_131921
1103,train_ticket,IMG_20180515_132115
1104,train_ticket,IMG_20180515_132126
1105,train_ticket,IMG_20180515_132453
1106,train_ticket,IMG_20180515_132719
1107,train_ticket,IMG_20180515_133137
1108,train_ticket,IMG_20180515_133205
1109,train_ticket,IMG_20180515_133302
1110,train_ticket,IMG_20180515_134431
1111,train_ticket,IMG_20180515_134436
1112,train_ticket,IMG_20180515_135117
1113,train_ticket,IMG_20180515_135332
1114,train_ticket,IMG_20180515_135522
1115,train_ticket,IMG_20180515_135528
1116,train_ticket,IMG_20180515_135826
1117,train_ticket,IMG_20180515_140237
1118,train_ticket,IMG_20180515_140743
1119,train_ticket,IMG_20180515_140828
1120,train_ticket,IMG_20180515_140830
1121,train_ticket,IMG_20180515_141203
1122,train_ticket,IMG_20180515_141258
1123,train_ticket,IMG_20180515_141926
1124,train_ticket,IMG_20180515_141938
1125,train_ticket,IMG_20180515_142003
1126,train_ticket,IMG_20180515_142010
1127,train_ticket,IMG_20180515_142031
1128,train_ticket,IMG_20180515_142101
1129,train_ticket,IMG_20180515_142136
1130,train_ticket,IMG_20180515_142346
1131,train_ticket,IMG_20180515_142405
1132,train_ticket,IMG_20180515_142428
1133,train_ticket,IMG_20180515_142445
1134,train_ticket,IMG_20180515_142504
1135,train_ticket,IMG_20180515_142520
1136,train_ticket,IMG_20180515_142538
1137,train_ticket,IMG_20180515_142559
1138,train_ticket,IMG_20180515_142646
1139,train_ticket,IMG_20180515_142752
1140,train_ticket,IMG_20180515_142810
1141,train_ticket,IMG_20180515_142921
1142,train_ticket,IMG_20180515_142946
1143,train_ticket,IMG_20180515_143743
1144,train_ticket,IMG_20180515_144237
1145,train_ticket,IMG_20180515_144348
1146,train_ticket,IMG_20180515_144351
1147,train_ticket,IMG_20180515_150112
1148,train_ticket,IMG_20180515_150512
1149,train_ticket,IMG_20180515_151728
1150,train_ticket,IMG_20180515_152001
1151,train_ticket,IMG_20180515_152329
1152,train_ticket,IMG_20180515_152445
1153,train_ticket,IMG_20180515_152637
1154,train_ticket,IMG_20180515_154540
1155,train_ticket,IMG_20180515_155135
1156,train_ticket,IMG_20180515_155200
1157,train_ticket,IMG_20180515_155932
1158,train_ticket,IMG_20180515_155942
1159,train_ticket,IMG_20180516_102110
1160,train_ticket,IMG_20180516_102133
1161,train_ticket,IMG_20180516_102221
1162,train_ticket,IMG_20180516_103934
1163,train_ticket,IMG_20180516_103948
1164,train_ticket,IMG_20180516_110218
1165,train_ticket,IMG_20180516_110548
1166,train_ticket,IMG_20180516_111852
1167,train_ticket,IMG_20180516_111920
1168,train_ticket,IMG_20180516_133432
1169,train_ticket,IMG_20180516_133453
1170,train_ticket,IMG_20180516_133523
1171,train_ticket,IMG_20180516_133609
1172,train_ticket,IMG_20180516_133739
1173,train_ticket,IMG_20180516_133746
1174,train_ticket,IMG_20180516_133809
1175,train_ticket,IMG_20180516_133815
1176,train_ticket,IMG_20180516_134315
1177,train_ticket,IMG_20180516_134340
1178,train_ticket,IMG_20180516_134447
1179,train_ticket,IMG_20180516_134634
1180,train_ticket,IMG_20180516_134639
1181,train_ticket,IMG_20180516_134712
1182,train_ticket,IMG_20180516_134825
1183,train_ticket,IMG_20180516_142401
1184,train_ticket,IMG_20180516_142412
1185,train_ticket,IMG_20180516_142420
1186,train_ticket,IMG_20180516_142618
1187,train_ticket,IMG_20180516_143002
1188,train_ticket,IMG_20180516_143059
1189,train_ticket,IMG_20180516_150243
1190,train_ticket,IMG_20180516_152003
1191,train_ticket,IMG_20180516_152321
1192,train_ticket,IMG_20180516_152348
1193,train_ticket,IMG_20180516_152453
1194,train_ticket,IMG_20180516_152659
1195,train_ticket,IMG_20180516_152850
1196,train_ticket,IMG_20180516_153755
1197,train_ticket,IMG_20180516_153904
1198,train_ticket,IMG_20180516_153908
1199,train_ticket,IMG_20180516_153911
1200,train_ticket,IMG_20180516_153916
1201,train_ticket,IMG_20180516_153921
1202,train_ticket,IMG_20180516_153936
1203,train_ticket,IMG_20180516_153942
1204,train_ticket,IMG_20180516_153946
1205,train_ticket,IMG_20180516_153950
1206,train_ticket,IMG_20180516_154047
1207,train_ticket,IMG_20180516_154059
1208,train_ticket,IMG_20180516_154433
1209,train_ticket,IMG_20180516_154925
1210,train_ticket,IMG_20180516_155224
1211,train_ticket,IMG_20180516_155315
1212,train_ticket,IMG_20180516_155332
1213,train_ticket,IMG_20180516_155400
1214,train_ticket,IMG_20180516_155416
1215,train_ticket,IMG_20180516_160317
1216,train_ticket,IMG_20180516_160840
1217,train_ticket,IMG_20180516_160928
1218,train_ticket,IMG_20180516_163743
1219,train_ticket,IMG_20180516_163807
1220,train_ticket,IMG_20180516_163854
1221,train_ticket,IMG_20180516_163927
1222,train_ticket,IMG_20180516_164037
1223,train_ticket,IMG_20180516_164058
1224,train_ticket,IMG_20180516_165952
1225,train_ticket,IMG_20180516_170114
1226,train_ticket,IMG_20180516_170630
1227,train_ticket,IMG_20180516_171105
1228,train_ticket,IMG_20180516_171139
1229,train_ticket,IMG_20180516_171149
1230,train_ticket,IMG_20180516_171200
1231,train_ticket,IMG_20180516_171211
1232,train_ticket,IMG_20180516_171245
1233,train_ticket,IMG_20180516_171838
1234,train_ticket,IMG_20180516_172545
1235,train_ticket,IMG_20180516_172550
1236,train_ticket,IMG_20180516_172555
1237,train_ticket,IMG_20180516_172744
1238,train_ticket,IMG_20180516_172954
1239,train_ticket,IMG_20180516_173709
1240,train_ticket,IMG_20180516_173713
1241,train_ticket,IMG_20180516_174106
1242,train_ticket,IMG_20180516_174259
1243,train_ticket,IMG_20180516_174308
1244,train_ticket,IMG_20180516_174404
1245,train_ticket,IMG_20180516_174445_Burst01
1246,train_ticket,IMG_20180516_174445_Burst02
1247,train_ticket,IMG_20180516_174445_Burst03
1248,train_ticket,IMG_20180516_174508
1249,train_ticket,IMG_20180516_174721
1250,train_ticket,IMG_20180516_174724
1251,train_ticket,IMG_20180516_174848
1252,train_ticket,IMG_20180516_174901
1253,train_ticket,IMG_20180516_174928
1254,train_ticket,IMG_20180517_104525
1255,train_ticket,IMG_20180517_110521
1256,train_ticket,IMG_20180517_111128
1257,train_ticket,IMG_20180517_112122
1258,train_ticket,IMG_20180517_112131
1259,train_ticket,IMG_20180517_112901
1260,train_ticket,IMG_20180517_132330
1261,train_ticket,IMG_20180517_133050
1262,train_ticket,IMG_20180517_133811
1263,train_ticket,IMG_20180517_133823
1264,train_ticket,IMG_20180517_133917
1265,train_ticket,IMG_20180517_133920
1266,train_ticket,IMG_20180517_134105
1267,train_ticket,IMG_20180517_134704
1268,train_ticket,IMG_20180517_134914
1269,train_ticket,IMG_20180517_135824
1270,train_ticket,IMG_20180517_135829
1271,train_ticket,IMG_20180517_135857
1272,train_ticket,IMG_20180517_140701
1273,train_ticket,IMG_20180517_142213
1274,train_ticket,IMG_20180517_142650
1275,train_ticket,IMG_20180517_143014
1276,train_ticket,IMG_20180517_143500
1277,train_ticket,IMG_20180517_143506
1278,train_ticket,IMG_20180517_144417
1279,train_ticket,IMG_20180517_144421
1280,train_ticket,IMG_20180517_144425
1281,train_ticket,IMG_20180517_144428
1282,train_ticket,IMG_20180517_144528
1283,train_ticket,IMG_20180517_144549
1284,train_ticket,IMG_20180517_144641
1285,train_ticket,IMG_20180517_144644
1286,train_ticket,IMG_20180517_144648
1287,train_ticket,IMG_20180517_144701
1288,train_ticket,IMG_20180517_144706
1289,train_ticket,IMG_20180517_144710
1290,train_ticket,IMG_20180517_144715
1291,train_ticket,IMG_20180517_144723
1292,train_ticket,IMG_20180517_144729
1293,train_ticket,IMG_20180517_144742
1294,train_ticket,IMG_20180517_144748
1295,train_ticket,IMG_20180517_144753
1296,train_ticket,IMG_20180517_144756
1297,train_ticket,IMG_20180517_144759
1298,train_ticket,IMG_20180517_144803
1299,train_ticket,IMG_20180517_145103
1300,train_ticket,IMG_20180517_145115
1301,train_ticket,IMG_20180517_145128
1302,train_ticket,IMG_20180517_145617
1303,train_ticket,IMG_20180517_145625
1304,train_ticket,IMG_20180517_145629
1305,train_ticket,IMG_20180517_145635
1306,train_ticket,IMG_20180517_145737
1307,train_ticket,IMG_20180517_145740
1308,train_ticket,IMG_20180517_145825
1309,train_ticket,IMG_20180517_150659
1310,train_ticket,IMG_20180517_150706
1311,train_ticket,IMG_20180517_152112
1312,train_ticket,IMG_20180517_152116
1313,train_ticket,IMG_20180517_152657
1314,train_ticket,IMG_20180517_152717
1315,train_ticket,IMG_20180517_153256
1316,train_ticket,IMG_20180517_153508
1317,train_ticket,IMG_20180517_153512
1318,train_ticket,IMG_20180517_153515
1319,train_ticket,IMG_20180517_153716
1320,train_ticket,IMG_20180517_153758
1321,train_ticket,IMG_20180517_154446
1322,train_ticket,IMG_20180517_154448
1323,train_ticket,IMG_20180517_154916
1324,train_ticket,IMG_20180517_154942
1325,train_ticket,IMG_20180517_154948
1326,train_ticket,IMG_20180517_155056
1327,train_ticket,IMG_20180517_155101
1328,train_ticket,IMG_20180517_155120
1329,train_ticket,IMG_20180517_155125
1330,train_ticket,IMG_20180517_155150
1331,train_ticket,IMG_20180517_155153
1332,train_ticket,IMG_20180517_160944
1333,train_ticket,IMG_20180517_161004
1334,train_ticket,IMG_20180517_161218
1335,train_ticket,IMG_20180517_161512
1336,train_ticket,IMG_20180517_161556
1337,train_ticket,IMG_20180517_164412
1338,train_ticket,IMG_20180517_164419
1339,train_ticket,IMG_20180517_164709
1340,train_ticket,IMG_20180517_165724
1341,train_ticket,IMG_20180517_170110
1342,train_ticket,IMG_20180517_170119
1343,train_ticket,IMG_20180517_170123
1344,train_ticket,IMG_20180517_170129
1345,train_ticket,IMG_20180517_170133
1346,train_ticket,IMG_20180517_170153
1347,train_ticket,IMG_20180517_170157
1348,train_ticket,IMG_20180517_170205
1349,train_ticket,IMG_20180517_170225
1350,train_ticket,IMG_20180517_170229
1351,train_ticket,IMG_20180517_170232
1352,train_ticket,IMG_20180517_170240
1353,train_ticket,IMG_20180517_170248
1354,train_ticket,IMG_20180517_170258
1355,train_ticket,IMG_20180517_170306
1356,train_ticket,IMG_20180517_170310
1357,train_ticket,IMG_20180517_170318
1358,train_ticket,IMG_20180517_170323
1359,train_ticket,IMG_20180517_170336
1360,train_ticket,IMG_20180517_170339
1361,train_ticket,IMG_20180517_170343
1362,train_ticket,IMG_20180517_170539
1363,train_ticket,IMG_20180517_170546
1364,train_ticket,IMG_20180517_170549
1365,train_ticket,IMG_20180517_170649
1366,train_ticket,IMG_20180517_170710
1367,train_ticket,IMG_20180517_170713
1368,train_ticket,IMG_20180517_170730
1369,train_ticket,IMG_20180517_170733
1370,train_ticket,IMG_20180517_170737
1371,train_ticket,IMG_20180517_171305
1372,train_ticket,IMG_20180517_171402
1373,train_ticket,IMG_20180517_171505
1374,train_ticket,IMG_20180517_171712
1375,train_ticket,IMG_20180517_171931
1376,train_ticket,IMG_20180517_171934
1377,train_ticket,IMG_20180517_172102
1378,train_ticket,IMG_20180517_172159
1379,train_ticket,IMG_20180518_110553
1380,train_ticket,IMG_20180518_111452
1381,train_ticket,IMG_20180518_111550
1382,train_ticket,IMG_20180518_111725
1383,train_ticket,IMG_20180518_111826
1384,train_ticket,IMG_20180518_111837
1385,train_ticket,IMG_20180518_111901
1386,train_ticket,IMG_20180518_111912
1387,train_ticket,IMG_20180518_112006
1388,train_ticket,IMG_20180518_112022
1389,train_ticket,IMG_20180518_112042
1390,train_ticket,IMG_20180518_112053
1391,train_ticket,IMG_20180518_112103
1392,train_ticket,IMG_20180518_112111
1393,train_ticket,IMG_20180518_112208
1394,train_ticket,IMG_20180518_112250
1395,train_ticket,IMG_20180518_112311
1396,train_ticket,IMG_20180518_112317
1397,train_ticket,IMG_20180518_112324
1398,train_ticket,IMG_20180518_112335
1399,train_ticket,IMG_20180518_113033
1400,train_ticket,IMG_20180518_113354
1401,train_ticket,IMG_20180518_113429
1402,train_ticket,IMG_20180518_113437
1403,train_ticket,IMG_20180518_113524
1404,train_ticket,IMG_20180518_113536
1405,train_ticket,IMG_20180518_134841
1406,train_ticket,IMG_20180518_135117
1407,train_ticket,IMG_20180518_135335
1408,train_ticket,IMG_20180518_140512
1409,train_ticket,IMG_20180518_140520
1410,train_ticket,IMG_20180518_140523
1411,train_ticket,IMG_20180518_140528
1412,train_ticket,IMG_20180518_141852
1413,train_ticket,IMG_20180518_143636
1414,train_ticket,IMG_20180518_145130
1415,train_ticket,IMG_20180518_145147
1416,train_ticket,IMG_20180518_150016
1417,train_ticket,IMG_20180518_150330
1418,train_ticket,IMG_20180518_151013
1419,train_ticket,IMG_20180518_151020
1420,train_ticket,IMG_20180518_151856
1421,train_ticket,IMG_20180518_152236
1422,train_ticket,IMG_20180518_152418
1423,train_ticket,IMG_20180518_152648
1424,train_ticket,IMG_20180518_152655
1425,train_ticket,IMG_20180518_153355
1426,train_ticket,IMG_20180518_153413
1427,train_ticket,IMG_20180518_154209
1428,train_ticket,IMG_20180518_154755
1429,train_ticket,IMG_20180518_155118
1430,train_ticket,IMG_20180518_155121
1431,train_ticket,IMG_20180518_155817
1432,train_ticket,IMG_20180518_155834
1433,train_ticket,IMG_20180518_155836
1434,train_ticket,IMG_20180518_155843
1435,train_ticket,IMG_20180518_155846
1436,train_ticket,IMG_20180518_155852
1437,train_ticket,IMG_20180518_155859
1438,train_ticket,IMG_20180518_161309
1439,train_ticket,IMG_20180518_161931
1440,train_ticket,IMG_20180518_161947
1441,train_ticket,IMG_20180518_162839
1442,train_ticket,IMG_20180518_162844
1443,train_ticket,IMG_20180518_163008
1444,train_ticket,IMG_20180518_163318
1445,train_ticket,IMG_20180518_163401
1446,train_ticket,IMG_20180518_163411
1447,train_ticket,IMG_20180518_163425
1448,train_ticket,IMG_20180518_163441
1449,train_ticket,IMG_20180518_163525
1450,train_ticket,IMG_20180518_163618
1451,train_ticket,IMG_20180518_163856
1452,train_ticket,IMG_20180518_164629
1453,train_ticket,IMG_20180518_170018
1454,train_ticket,IMG_20180518_170322
1455,train_ticket,IMG_20180518_170344
1456,train_ticket,IMG_20180518_170719
1457,train_ticket,IMG_20180518_170727
1458,train_ticket,IMG_20180518_170821
1459,train_ticket,IMG_20180518_170834
1460,train_ticket,IMG_20180518_171029
1461,train_ticket,IMG_20180518_171056
1462,train_ticket,IMG_20180518_171103
1463,train_ticket,IMG_20180518_171116
1464,train_ticket,IMG_20180518_171222
1465,train_ticket,IMG_20180518_171228
1466,train_ticket,IMG_20180518_171251
1467,train_ticket,IMG_20180518_171507
1468,train_ticket,IMG_20180518_171537
1469,train_ticket,IMG_20180518_171540
1470,train_ticket,IMG_20180518_171621
1471,train_ticket,IMG_20180518_171730
1472,train_ticket,IMG_20180518_171754
1473,train_ticket,IMG_20180518_171926
1474,train_ticket,IMG_20180518_172529
1475,train_ticket,IMG_20180518_172706
1476,train_ticket,IMG_20180518_173334
1477,train_ticket,IMG_20180521_111722
1478,train_ticket,IMG_20180521_111737
1479,train_ticket,IMG_20180521_133314
1480,train_ticket,IMG_20180521_133317
1481,train_ticket,IMG_20180521_133320
1482,train_ticket,IMG_20180521_134443
1483,train_ticket,IMG_20180521_134458
1484,train_ticket,IMG_20180521_134555
1485,train_ticket,IMG_20180521_134735
1486,train_ticket,IMG_20180521_135041
1487,train_ticket,IMG_20180521_135144
1488,train_ticket,IMG_20180521_135548
1489,train_ticket,IMG_20180521_135710
1490,train_ticket,IMG_20180521_140455
1491,train_ticket,IMG_20180521_140530
1492,train_ticket,IMG_20180521_140534
1493,train_ticket,IMG_20180521_140840
1494,train_ticket,IMG_20180521_141520
1495,train_ticket,IMG_20180521_141552
1496,train_ticket,IMG_20180521_141624
1497,train_ticket,IMG_20180521_141957
1498,train_ticket,IMG_20180521_142030
1499,train_ticket,IMG_20180521_142301
1500,train_ticket,IMG_20180521_142340
1501,train_ticket,IMG_20180521_142436
1502,train_ticket,IMG_20180521_142940
1503,train_ticket,IMG_20180521_142942
1504,train_ticket,IMG_20180521_143015
1505,train_ticket,IMG_20180521_143246
1506,train_ticket,IMG_20180521_143705
1507,train_ticket,IMG_20180521_143948
1508,train_ticket,IMG_20180521_144047
1509,train_ticket,IMG_20180521_144103
1510,train_ticket,IMG_20180521_144109
1511,train_ticket,IMG_20180521_150031
1512,train_ticket,IMG_20180521_150102
1513,train_ticket,IMG_20180521_150107
1514,train_ticket,IMG_20180521_150151
1515,train_ticket,IMG_20180521_150313
1516,train_ticket,IMG_20180521_150340
1517,train_ticket,IMG_20180521_150611
1518,train_ticket,IMG_20180521_150806
1519,train_ticket,IMG_20180521_151302
1520,train_ticket,IMG_20180521_151316
1521,train_ticket,IMG_20180521_151348
1522,train_ticket,IMG_20180521_151410
1523,train_ticket,IMG_20180521_151418
1524,train_ticket,IMG_20180521_152319
1525,train_ticket,IMG_20180521_152433
1526,train_ticket,IMG_20180521_153416
1527,train_ticket,IMG_20180521_153432
1528,train_ticket,IMG_20180521_154006
1529,train_ticket,IMG_20180521_154125
1530,train_ticket,IMG_20180521_154824
1531,train_ticket,IMG_20180521_155900
1532,train_ticket,IMG_20180521_155908
1533,train_ticket,IMG_20180521_160001
1534,train_ticket,IMG_20180521_160540
1535,train_ticket,IMG_20180521_160708
1536,train_ticket,IMG_20180521_160733
1537,train_ticket,IMG_20180521_161044
1538,train_ticket,IMG_20180521_161157
1539,train_ticket,IMG_20180521_161551
1540,train_ticket,IMG_20180521_161554
1541,train_ticket,IMG_20180521_161615
1542,train_ticket,IMG_20180521_161617
1543,train_ticket,IMG_20180521_162001
1544,train_ticket,IMG_20180521_162038
1545,train_ticket,IMG_20180521_162507
1546,train_ticket,IMG_20180521_163153
1547,train_ticket,IMG_20180521_163227
1548,train_ticket,IMG_20180521_163231
1549,train_ticket,IMG_20180521_163235
1550,train_ticket,IMG_20180521_163239
1551,train_ticket,IMG_20180521_163613
1552,train_ticket,IMG_20180521_163635
1553,train_ticket,IMG_20180521_163743
1554,train_ticket,IMG_20180521_164042
1555,train_ticket,IMG_20180521_164158
1556,train_ticket,IMG_20180521_164303
1557,train_ticket,IMG_20180521_164311
1558,train_ticket,IMG_20180521_164609
1559,train_ticket,IMG_20180521_164636
1560,train_ticket,IMG_20180521_164839
1561,train_ticket,IMG_20180521_165358
1562,train_ticket,IMG_20180521_165507
1563,train_ticket,IMG_20180521_165630
1564,train_ticket,IMG_20180521_170051
1565,train_ticket,IMG_20180521_170102
1566,train_ticket,IMG_20180521_170105
1567,train_ticket,IMG_20180521_170106
1568,train_ticket,IMG_20180521_171012
1569,train_ticket,IMG_20180521_171029
1570,train_ticket,IMG_20180521_171055
1571,train_ticket,IMG_20180521_171123
1572,train_ticket,IMG_20180521_171207
1573,train_ticket,IMG_20180521_171222
1574,train_ticket,IMG_20180521_171237
1575,train_ticket,IMG_20180521_171251
1576,train_ticket,IMG_20180521_171319
1577,train_ticket,IMG_20180521_171330
1578,train_ticket,IMG_20180521_171349
1579,train_ticket,IMG_20180522_102613
1580,train_ticket,IMG_20180522_102750
1581,train_ticket,IMG_20180522_103310
1582,train_ticket,IMG_20180522_104319
1583,train_ticket,IMG_20180522_104343
1584,train_ticket,IMG_20180522_104345
1585,train_ticket,IMG_20180522_104358
1586,train_ticket,IMG_20180522_104552
1587,train_ticket,IMG_20180522_104608
1588,train_ticket,IMG_20180522_104627
1589,train_ticket,IMG_20180522_104707
1590,train_ticket,IMG_20180522_104807
1591,train_ticket,IMG_20180522_104917
1592,train_ticket,IMG_20180522_105032
1593,train_ticket,IMG_20180522_105052
1594,train_ticket,IMG_20180522_105147
1595,train_ticket,IMG_20180522_105155
1596,train_ticket,IMG_20180522_110102
1597,train_ticket,IMG_20180522_110508
1598,train_ticket,IMG_20180522_110942
1599,train_ticket,IMG_20180522_112015
1600,train_ticket,IMG_20180522_112052
1601,train_ticket,IMG_20180522_112131
1602,train_ticket,IMG_20180522_112303
1603,train_ticket,IMG_20180522_112651
1604,train_ticket,IMG_20180522_112711
1605,train_ticket,IMG_20180522_113150
1606,train_ticket,IMG_20180522_113157
1607,train_ticket,IMG_20180522_133625
1608,train_ticket,IMG_20180522_133643
1609,train_ticket,IMG_20180522_133828
1610,train_ticket,IMG_20180522_134026
1611,train_ticket,IMG_20180522_134046
1612,train_ticket,IMG_20180522_134209
1613,train_ticket,IMG_20180522_134213
1614,train_ticket,IMG_20180522_134522
1615,train_ticket,IMG_20180522_134713
1616,train_ticket,IMG_20180522_134718
1617,train_ticket,IMG_20180522_140332
1618,train_ticket,IMG_20180522_140748
1619,train_ticket,IMG_20180522_140801
1620,train_ticket,IMG_20180522_141743
1621,train_ticket,IMG_20180522_141754
1622,train_ticket,IMG_20180522_141849
1623,train_ticket,IMG_20180522_142400
1624,train_ticket,IMG_20180522_142504
1625,train_ticket,IMG_20180522_142812
1626,train_ticket,IMG_20180522_142817
1627,train_ticket,IMG_20180522_143130
1628,train_ticket,IMG_20180522_143133
1629,train_ticket,IMG_20180522_143137
1630,train_ticket,IMG_20180522_143140
1631,train_ticket,IMG_20180522_143156
1632,train_ticket,IMG_20180522_143158
1633,train_ticket,IMG_20180522_143624
1634,train_ticket,IMG_20180522_143720
1635,train_ticket,IMG_20180522_143918
1636,train_ticket,IMG_20180522_144130
1637,train_ticket,IMG_20180522_144959
1638,train_ticket,IMG_20180522_145231
1639,train_ticket,IMG_20180522_145544
1640,train_ticket,IMG_20180522_145558
1641,train_ticket,IMG_20180522_145602
1642,train_ticket,IMG_20180522_150026
1643,train_ticket,IMG_20180522_150031
1644,train_ticket,IMG_20180522_150313
1645,train_ticket,IMG_20180522_150636
1646,train_ticket,IMG_20180522_152916
1647,train_ticket,IMG_20180522_153243
1648,train_ticket,IMG_20180522_153257
1649,train_ticket,IMG_20180522_153544
1650,train_ticket,IMG_20180522_153549
1651,train_ticket,IMG_20180522_154832
1652,train_ticket,IMG_20180522_154923
1653,train_ticket,IMG_20180522_155104
1654,train_ticket,IMG_20180522_161326
1655,train_ticket,IMG_20180522_161958
1656,train_ticket,IMG_20180522_163308
1657,train_ticket,IMG_20180522_164324
1658,train_ticket,IMG_20180522_164326
1659,train_ticket,IMG_20180522_164354
1660,train_ticket,IMG_20180522_164457
1661,train_ticket,IMG_20180522_165238
1662,train_ticket,IMG_20180522_165330
1663,train_ticket,IMG_20180522_165333
1664,train_ticket,IMG_20180522_165335
1665,train_ticket,IMG_20180522_165338
1666,train_ticket,IMG_20180522_165347
1667,train_ticket,IMG_20180522_165800
1668,train_ticket,IMG_20180522_170616
1669,train_ticket,IMG_20180522_170845
1670,train_ticket,IMG_20180522_171034
1671,train_ticket,IMG_20180522_171135
1672,train_ticket,IMG_20180522_171137
1673,train_ticket,IMG_20180522_171241
1674,train_ticket,IMG_20180522_171302
1675,train_ticket,IMG_20180522_171647
1676,train_ticket,IMG_20180522_171651
1677,train_ticket,IMG_20180522_171702
1678,train_ticket,IMG_20180522_171732
1679,train_ticket,IMG_20180522_171739
1680,train_ticket,IMG_20180522_171755
1681,train_ticket,IMG_20180522_171849
1682,train_ticket,IMG_20180522_172605
1683,train_ticket,IMG_20180522_172634
1684,train_ticket,IMG_20180522_173123
1685,train_ticket,IMG_20180522_173127
1686,train_ticket,IMG_20180522_173132
1687,train_ticket,IMG_20180522_173136
1688,train_ticket,IMG_20180522_173158
1689,train_ticket,IMG_20180522_173252
1690,train_ticket,IMG_20180522_173306
1691,train_ticket,IMG_20180522_173312
1692,train_ticket,IMG_20180522_173319
1693,train_ticket,IMG_20180522_173411
1694,train_ticket,IMG_20180522_173423
1695,train_ticket,IMG_20180522_173429
1696,train_ticket,IMG_20180522_173617
1697,train_ticket,IMG_20180522_173834
1698,train_ticket,IMG_20180522_174015
1699,train_ticket,IMG_20180522_175143
1700,train_ticket,IMG_20180523_104853
1701,train_ticket,IMG_20180523_105025
1702,train_ticket,IMG_20180523_105310
1703,train_ticket,IMG_20180523_110218
1704,train_ticket,IMG_20180523_110355
1705,train_ticket,IMG_20180523_110659
1706,train_ticket,IMG_20180523_110714
1707,train_ticket,IMG_20180523_111508
1708,train_ticket,IMG_20180523_111542
1709,train_ticket,IMG_20180523_111545
1710,train_ticket,IMG_20180523_111835
1711,train_ticket,IMG_20180523_111843
1712,train_ticket,IMG_20180523_112643
1713,train_ticket,IMG_20180523_112646
1714,train_ticket,IMG_20180523_113055
1715,train_ticket,IMG_20180523_125715
1716,train_ticket,IMG_20180523_132242
1717,train_ticket,IMG_20180523_132243
1718,train_ticket,IMG_20180523_133005
1719,train_ticket,IMG_20180523_133518
1720,train_ticket,IMG_20180523_133527
1721,train_ticket,IMG_20180523_133914
1722,train_ticket,IMG_20180523_134853
1723,train_ticket,IMG_20180523_135442
1724,train_ticket,IMG_20180523_135506
1725,train_ticket,IMG_20180523_135822
1726,train_ticket,IMG_20180523_135846
1727,train_ticket,IMG_20180523_140452
1728,train_ticket,IMG_20180523_140458
1729,train_ticket,IMG_20180523_140522
1730,train_ticket,IMG_20180523_140530
1731,train_ticket,IMG_20180523_140807
1732,train_ticket,IMG_20180523_140813
1733,train_ticket,IMG_20180523_140818
1734,train_ticket,IMG_20180523_141137
1735,train_ticket,IMG_20180523_141835
1736,train_ticket,IMG_20180523_142635
1737,train_ticket,IMG_20180523_142639
1738,train_ticket,IMG_20180523_143411
1739,train_ticket,IMG_20180523_143826
1740,train_ticket,IMG_20180523_143857
1741,train_ticket,IMG_20180523_143946
1742,train_ticket,IMG_20180523_144053
1743,train_ticket,IMG_20180523_144609
1744,train_ticket,IMG_20180523_150225
1745,train_ticket,IMG_20180523_150408
1746,train_ticket,IMG_20180523_150624
1747,train_ticket,IMG_20180523_151433
1748,train_ticket,IMG_20180523_151438
1749,train_ticket,IMG_20180523_151453
1750,train_ticket,IMG_20180523_151952
1751,train_ticket,IMG_20180523_152057
1752,train_ticket,IMG_20180523_152130
1753,train_ticket,IMG_20180523_153212
1754,train_ticket,IMG_20180523_153311
1755,train_ticket,IMG_20180523_153456
1756,train_ticket,IMG_20180523_154811
1757,train_ticket,IMG_20180523_161401
1758,train_ticket,IMG_20180523_161410
1759,train_ticket,IMG_20180523_161413
1760,train_ticket,IMG_20180523_161426
1761,train_ticket,IMG_20180523_161429
1762,train_ticket,IMG_20180523_161436
1763,train_ticket,IMG_20180523_161438
1764,train_ticket,IMG_20180523_161442
1765,train_ticket,IMG_20180523_161445
1766,train_ticket,IMG_20180523_161500
1767,train_ticket,IMG_20180523_161502
1768,train_ticket,IMG_20180523_161505
1769,train_ticket,IMG_20180523_161858
1770,train_ticket,IMG_20180523_162012
1771,train_ticket,IMG_20180523_162015
1772,train_ticket,IMG_20180523_162040
1773,train_ticket,IMG_20180523_163604
1774,train_ticket,IMG_20180523_163701
1775,train_ticket,IMG_20180523_165512
1776,train_ticket,IMG_20180523_165642
1777,train_ticket,IMG_20180523_165740
1778,train_ticket,IMG_20180523_165832
1779,train_ticket,IMG_20180523_170011
1780,train_ticket,IMG_20180523_170044
1781,train_ticket,IMG_20180523_170746
1782,train_ticket,IMG_20180523_172330
1783,train_ticket,IMG_20180523_172336
1784,train_ticket,IMG_20180523_172341
1785,train_ticket,IMG_20180523_172352
1786,train_ticket,IMG_20180523_172428
1787,train_ticket,IMG_20180523_172500
1788,train_ticket,IMG_20180523_172556
1789,train_ticket,IMG_20180523_172604
1790,train_ticket,IMG_20180523_172637
1791,train_ticket,IMG_20180523_172659
1792,train_ticket,IMG_20180523_172707
1793,train_ticket,IMG_20180523_172836
1794,train_ticket,IMG_20180523_172842
1795,train_ticket,IMG_20180523_172903
1796,train_ticket,IMG_20180523_172923
1797,train_ticket,IMG_20180523_172930
1798,train_ticket,IMG_20180523_172947
1799,train_ticket,IMG_3820
1800,train_ticket,IMG_3821
1801,train_ticket,IMG_3822
1802,train_ticket,IMG_3823
1803,train_ticket,IMG_3832
1804,train_ticket,IMG_3833
1805,train_ticket,IMG_3846
1806,train_ticket,IMG_3853
1807,train_ticket,IMG_3858
1808,train_ticket,IMG_3859
1809,train_ticket,IMG_3866
1810,train_ticket,IMG_3867
1811,train_ticket,IMG_3877
1812,train_ticket,IMG_3889
1813,train_ticket,IMG_3897
1814,train_ticket,IMG_3899
1815,train_ticket,IMG_3900
1816,train_ticket,IMG_3913
1817,train_ticket,IMG_3914
1818,train_ticket,IMG_3915
1819,train_ticket,IMG_3916
1820,train_ticket,IMG_3917
1821,train_ticket,IMG_3920
1822,train_ticket,IMG_4025
1823,train_ticket,IMG_4026
1824,train_ticket,IMG_4029
1825,train_ticket,IMG_4030
1826,train_ticket,IMG_4032
1827,train_ticket,IMG_4033
1828,train_ticket,IMG_4035
1829,train_ticket,IMG_4036
1830,train_ticket,IMG_4037
1831,train_ticket,IMG_4038
1832,train_ticket,IMG_4039
1833,train_ticket,IMG_4042
1834,train_ticket,IMG_4043
1835,train_ticket,IMG_4044
1836,train_ticket,IMG_4046
1837,train_ticket,IMG_4047
1838,train_ticket,IMG_4049
1839,train_ticket,IMG_4050
1840,train_ticket,IMG_4543
1841,train_ticket,IMG_4551
1842,train_ticket,IMG_4561
1843,train_ticket,IMG_4570
1844,train_ticket,IMG_4578
1845,train_ticket,IMG_4579
1846,train_ticket,IMG_4587
1847,train_ticket,IMG_4599
1848,train_ticket,IMG_4662
1849,train_ticket,IMG_4664
